friends,funny,Selfie,couple,question,Winter,summer,spring,food,travel
I never let my friends do stupid thingsalone!,"In this section, we include funny Instagram captions and short jokes anyone can remember. You can also try to find funny puns too.",,,Where do you travel next?,To appreciate the beauty of a snowflake it is necessary to stand out in the cold. “ Aristotle,"This summer fashion? My bikini!,",April showers bring May flowers., I like people that protect their food like it would be their baby.,"Catch flights, not feelings."
"If you love a friend, let them go. If they come back with coffee, it was meant to be.",My excuse is that I'm young.,"I'm not perfect, I'm original.",What made you fall for him? He never asked me to justify my past.,Have you ever been to Bali?,"Give me a hot drink, and Im happy. Hot cider, hot chocolate, coffee I like all winter beverages!","Less Monday, More Summer.,","O, wind, if winter comes, can spring be far behind?", #foodporn,"Travel is fatal to prejudice, bigotry, and narrow mindedness, and many of our people need it sorely on these accounts. “ Mark Twain"
I like to hang out with people who make me forget to look at my phone.,Hear about the new restaurant called Karma? There's no menu: You get what you deserve.,A selfie a day keeps the doctor away.,"I want a relationship like Tom &amp; Jerry to fight daily, still can't live without each other.","If everyone else jumped off a cliff, would you do it too?",I love this winter feeling. This way I can stay home and just snuggle up in the bed without feeling guilty.,"Like a welcome summer rain, humor may suddenly cleanse and cool the earth, the air and you.,",All the flowers of all the tomorrows are in the seeds of today.," Made with love, means I licked the spoon and kept using it.","People dont take trips, trips take people."
"Friendship is like peeing on yourself: everyone can see it, but only you get a warm feeling that it brings.","I don't know what's tighter, our jeans or our friendship.",The only person you should try to be better than is the one you were yesterday.,You can't rush something you want to last forever.,What makes you happy?,"In the depth of winter, I finally learned that there was in me an invincible summer.","My summer dress is waiting for me.,","Spring is natures way of saying, ˜Lets party!<br/> “ Robin Williams"," If we shouldnt eat at night, why is there a light in the fridge?",Travel is Addictive!
I cannot see heaven being much better than this.,Give me the chocolate and nobody gets hurt.,"Me, myself and I.",Sometimes I can't see myself when I'm with you. I can only just see you.,So you mean to tell me a stress ball isnt for throwing at people who stress you out?,People dont notice whether its winter or summer when theyre happy.,"Cause a little bit of summer is what the whole year is all about. “ John Mayer,",Im sorry for the things I said when it was winter., I am sorry for what I said when I was hungry.,"Where ever you go, go with all your heart. • Confucius"
"I know what tighter, our jeans or our friendship.","Cats have 32 muscles in each ear, to help them ignore you. (A funny Instagram captions for cats!!)","You only live once, but if you do it right, once is enough.",You wanna know who I'm in love with? Read the first word again.,"Have you ever wanted to grab somebody by the shoulders, give them a good shake and whisper Nobody cares!",No winter lasts forever; no spring skips its turn.,"I like summer. I like warmer weather and long days. Im one of those silly people who still enjoy lying in the sun”my children are horrified!,",This season puts a little spring in my step.," If someone accuses you of drowning your chicken in gravy, tell them its not your responsibility to teach a chicken how to swim.",Mood: wanna move to a new city and start a new life.
You have to be crazy to hang out with me I'll train you.,Where are the average things manufactured? The satisfactory.,I woke up like this!,My wife dresses to kill. She cooks the same way.,"If you could be anywhere, where would you choose to be?",Laughter is the sun that drives winter from the human face.,"Oh, the summer night, has a smile of light, and she sits on a sapphire throne.,","Less Mondays, more Sunshine."," If you want to feel vibrant, stop feeding your body crab.","Sometimes these unplanned trips, unplanned evenings or unplanned locations turn out to be one of your favorites."
"I like to think I'm a pretty good friend. I love having a good time, and I enjoy being able to share those good times with others. “ Jacob Batalon",I invented a new word: Plagiarism.,How on earth do you make a good selfie?! Why do I always turn out like a goblin?,Save water and shower together,Can you imagine a different world?,Nothing burns like the cold.,"Shall I compare thee to a summers day? ”William Shakespeare,",The best time for new beginnings is now.," Make time for the things that are important. This morning I made time for breakfast, this afternoon I made time for lunch, and this evening Ive made time for dinner.","We travel not to escape life, but for life not to escape us"
"Friends are like rainbows, always there to cheer you up after a storm.",Whoever invented knock-knock jokes should get a No Bell prize.,"I don't always take a selfie, but when I do",One day you will kiss a man you can't breathe without and find that breath is of little consequence.,Why isnt the number 11 pronounced onety one?,There are only two seasons “ winter and Baseball.,"Sweet, sweet burn of sun and summer wind, and you my friend, my new fun thing, my summer fling. “ K.D. Lang,","Spring lets me spring okay, that maybe only funny for German speakers", Everybody loves chocolate.,"Life is short and the planet is wide, just think about all of the outstanding activities out there"
Side by side or miles apart real friends are always close to the heart.,"Made with love, means I licked the spoon and kept using it.",Just me.,Love assures us that we will never be alone.,li>Imagine it is war and nobody goes?,I prefer winter and fall when you feel the bone structure of the landscape. Something waits beneath it; the whole story doesnt show.,"To plant a garden is to believe in tomorrow. “ Audrey Hepburn,",Sunshine is the best medicine., Food. Friends. Sunshine.,Explore the unexplored.
It takes a long time to grow an old friend. “ John Leonard,"I keep pressing the space bar, but I'm still on Earth.",The ugly selfie you deleted is the real you. Accept it!,I miss you like the deserts miss the rain!,"li>If Cinderellas shoe fit perfectly, then why did it fall off?","What good is the warmth of summer, without the cold of winter to give it sweetness.","Summertime is always the best of what might be. “ Charles Bowden,",Spring: a lovely reminder of how beautiful change can truly be., The first wealth is health.,Tripophobia: The fear of not having your next travels booked.
"Your crowd should be clapping loudest when you win. If they don't, look for a new crowd.","If I won the award for laziness, I would send somebody to pick it up for me.",.lemme take a selfie,I used to think I knew exactly what I wanted in the perfect soulmate. I was wrong because you are even better than I ever imagined.,"If we shouldnt eat at night, why is there a light in the fridge?","In winter, the stars seem to have rekindled their fires, the moon achieves a fuller triumph, and the heavens wear a look of a more exalted simplicity. Summer is more wooing and seductive, more versatile and human, appeals to the affections and the sentiments and fosters inquiry and the art impulse.<br/> “ John Burroughs","It is easy to forget now, how effervescent and free we all felt that summer. “ Anna Godbersen, Bright Young Things,","Let your joy burst forth, like flowers in the spring."," First, we eat, then we can do everything else.","If you had to choose between true love and traveling the world, which country would you visit first?"
Pay close attention to people who clap when you win.,"I had fun once, it was horrible.",I was born to shine and take selfies!,LOVE is when two hearts become one. TRUE LOVE is when two souls become one.,What if soy milk just regular milk introducing itself in Spanish?,I have never seen snow and do not know what winter means.<br/> “ Duke Kahanamoku,"Summertime. It was a song. It was a season. I wondered if that season would ever live inside of me.,",Happiness is waking up to a sunny day during spring., Isnt pizza the best thing to happen to you as well?,Will Work For Travel.
A real friend is one who walks in when the rest of the world walks out.,Practice makes perfect but then nobody is perfect so what's the point of practicing?,What do you think of this look?,It is one thing to fall in love with. It's another to feel someone else fall in love with you and to feel a responsibility toward that love.,"If you have a few months to live, what will you do?","The combination of olive oil, garlic, and lemon juice lifts the spirits in winter.","It is always summer somewhere.,",Girls just wanna have sun.</li>," You know, nobody can ever cook as good as mama.",no place like home.
Friends are chocolate chips in the cookie of life!,"1f you c4n r34d 7h15, you r34lly n33d 2 g37 l41d","Good morning world, here is my selfie you desperately asked for.",I knew the second I met you that there was something about you I needed. Turns out it wasn't something about you at all. It was just you.,Imagine you get a $1000 right now. What would you do with it?,"In the depth of winter, I finally learned that there was in me an invincible summer.","No more winters. Summers for president!,",, A waffle a day keeps the doctor away.,And the adventure begins.
"Good friends show their love in times of trouble, not just in times of happiness.",Did you hear about the mathematician who's afraid of negative numbers? He'll stop at nothing to avoid them.,"But first, let me take a selfie.","I don't care how hard being together is, nothing is worse than being apart.",How many roads must a man walk down Before you can call him a Man. “ Bob Dylan,They who sing through the summer must dance in the winter. “ Italian Proverb,"Deep summer is when laziness finds respectability.,",, Never give up on the things that make you smile. Like that cake in the oven.,Up in the clouds on my way to unknown things.
"As your best friend, I'll always pick you up when you fall, after I finish laughing.",Why don't scientists trust atoms? Because they make up everything.,Sometimes you gotta be a beauty and a beast.,"There is never a time or place for true love. It happens accidentally, in a heartbeat, in a {{ single }} flashing, throbbing moment.","If practice makes perfect, and no ones perfect, then why practice? “ Billy Corgan",Winter? My favorite time of the year.,"The summer night is like a perfection of thought. -Wallace Stevens,",, Food is symbolic of love when words are inadequate.,I wish someone would just buy me a plane ticket to somewhere.
"Friends can help each other. A true friend is someone who lets you have total freedom to be yourself “ and especially to feel. Or, not feel. Whatever you happen to be feeling at the moment is fine with them. That what real love amounts to “ letting a person be what he really is. “ Jim Morrison",Walking past a class with your friends on it.,Selfie Sunday!,"So, I love you because the entire universe conspired to help me find you. Paulo Coehlo",Is the sky blue?,I love hats and winter is the perfect time for them. I love wintertime fashion.,"Summer means happy times and good sunshine. It means going to the beach, going to Disneyland, having fun.,",," Why does cooking take like 5 hours, eating like 3 seconds and washing dishes like 7 days?!",Maybe the best moment of your life will be on your next adventure.
I and my best friend can communicate with just facial expressions.,Have you ever tried to eat a clock? It's very time-consuming.,May your day be as good as taking a perfect selfie on the first try.,One word frees us of all the weight and pain of life: That word is love.,How much longer can this injustice continue?,,"Friends, sun, sand, and sea, that sounds like a summer to me.,",, I just never want to look back and think: I could have eaten that!,Running through an Airport with pounds of luggage. That is my work out!
Happiness is having a bunch of freaking awesome and crazy friends., Your secrets are safe with me I wasn't even listening.,"Some people confuse crazy with passionate. Let me be clear, I'm bat shit passionate!",We go together like copy and paste.,Would you like to swing on a star?</li>,,"If it could only be like this always “ always summer, always alone, the fruit always ripe.,",, There is no love sincerer than the love of food.,There is always some next adventure waiting for us.
"I'd walk through fire for my best friend. Well, not fire because that dangerous. But a super humid room well not too humid, because you know my hair.", I liked memes before they were on Instagram.,"Lighten up, just enjoy life. Smile more, laugh more, and don't get so worked up about things.",I always thought perfect couples only exist in books and movies. That changed when I met you.,,,"In the depth of winter, I finally learned that there was in me an invincible summer.,",," Love the taste, taste the love.",People forget years and remember moments.
"I made my Facebook name Benefits, so when you add me now it says you're friends with benefits."," have lots of hidden talents. The problem is, even I can't find them.","Things I do in the gym: 20% work-out, 80% selfies!",I love making memories with you.,,,"It was one of those March days when the sun shines hot and the wind blows cold: when it is summer in the light, and winter in the shade. “ Charles Dickens,",, There has never been a sadness that cannot be cured by breakfast.,"Dear 2019, this year I want to travel the world. Thank you!"
You had me at We'll make it look like an accident., I want someone who will look at me the same way I look at chocolate cake.,"But first, let me take a selfie.",Your love is all I need to feel complete.,,,"Among the delights of Summer were picnics to the woods. “ Georg Brandes,",, Love Cake More.,People are having babiesand I am looking at which country I should travel to next.
Walking with a friend in the dark is better than walking alone in the light. “ Helen Keller, I'm a multi-tasking procrastinator. I can put off multiple things at once.,"There are moments when everything is going well, don't be frightened It won't last, dear.",Love is a two-way street constantly under construction. “ Carroll Bryant,,,"Summer? That means beach, sunshine, picnics, parks, short pants, flips flops and endlessly more things.,",, Good Food is Good Mood.,"Travelling is alone will be the scariest, most liberating, life-changing experience of your life. Try it at least once."
"True friendship multiplies the good in life and divides its evils. Strive to have friends, for life without friends is like life on a desert island to find one real friend in a lifetime is good fortune; to keep him is a blessing. “ Baltasar Gracian", Never let anyone treat you like regular glue. You are glitter glue.,"I haven't posted a selfie in a while Me:  Oooo that's why! Well, no need to apologies then.",Love is not perfect. This is what makes it perfect.,,,"Summer is the best. Are you with me?,",, People who love to eat are the best people.</li>,"Feed your Wanderlust, not your Instagram!"
The only way to have a friend is to be one. “ Ralph Waldo Emerson," When nothing is going right, go left.",May your day feel as good as taking a perfect selfie on the first try.,You are the compass that guides me in life.,,,I just look better in a Bikini. That is a fact.,,,"Of all the books in the world, the best stories are found between the pages of a passport."
walk behind me; I may not lead. walk in front of me; I may not follow. Just walk beside me and be my friend. “ Albert Camus, Gravitation can not be held responsible for people falling in love.,,I am a better person because of you. You help me be the best person that I can be and you always encourage me to reach my full potential.,,,,,,I have got a crush on the world.
